1.5,0.0231156,8.795,9,0.0146667
1.5,0.0222613,8.12,10,0.0163333
1.5,0.0230653,8.79,15,0.0226429
1.5,0.0225126,8.445,14,0.0223333
1.5,0.0223618,8.285,10,0.0178214
1.5,0.0225126,8.35,8,0.0128095
1.5,0.0231156,8.93,5,0.0062619
1.5,0.0226633,8.5,8,0.010381
1.5,0.0231156,8.89,11,0.0187143
1.5,0.0226633,8.565,10,0.0179048
1.6,0.0238693,9.625,7,0.0113095
1.6,0.0236181,9.295,11,0.0165833
1.6,0.0228141,8.675,6,0.00878571
1.6,0.0234171,9.2,6,0.00808333
1.6,0.0233668,9.16,9,0.0147143
1.6,0.0235678,9.24,15,0.0232143
1.6,0.0240201,9.84,12,0.0194206
1.6,0.0234673,9.26,12,0.0223452
1.6,0.0226131,8.46,10,0.0179881
1.6,0.0235678,9.355,7,0.0109008
1.7,0.0241206,9.81,14,0.0239524
1.7,0.0246734,10.145,16,0.0248095
1.7,0.0240704,9.685,11,0.0182024
1.7,0.0239196,9.5,11,0.0159286
1.7,0.0241709,9.795,9,0.0129286
1.7,0.0245226,10.18,24,0.0351667
1.7,0.0243216,9.985,9,0.0116667
1.7,0.0230151,8.845,6,0.012
1.7,0.0242714,9.875,17,0.026631
1.7,0.0241206,9.71,7,0.0112143
1.8,0.0252764,10.805,13,0.0163929
1.8,0.0249749,10.54,13,0.0191429
1.8,0.0259296,11.345,19,0.0223095
1.8,0.0246231,10.245,3,0.00380952
1.8,0.0247236,10.25,15,0.0236667
1.8,0.0248744,10.455,10,0.0163571
1.8,0.0247739,10.23,15,0.0222024
1.8,0.0250754,10.635,17,0.0240238
1.8,0.0244724,9.97,17,0.0252024
1.8,0.0247236,10.265,12,0.0151786
1.9,0.0260302,11.51,10,0.0168929
1.9,0.0262312,11.67,14,0.0173333
1.9,0.0258291,11.395,18,0.0258056
1.9,0.0258794,11.315,23,0.0325
1.9,0.0258794,11.28,15,0.0185357
1.9,0.0260804,11.465,16,0.02125
1.9,0.0266834,12.07,12,0.0132937
1.9,0.0258291,11.355,14,0.0180357
1.9,0.0264322,11.865,11,0.0145476
1.9,0.0264322,11.905,9,0.011369
2,0.0269849,12.41,22,0.0237857
2,0.0263317,11.76,12,0.0141905
2,0.0267839,12.215,20,0.0246984
2,0.0274874,12.915,17,0.0198095
2,0.0267337,12.1,28,0.0326667
2,0.0265829,11.935,14,0.0183452
2,0.0265829,12.005,18,0.0226905
2,0.0261809,11.575,17,0.0218929
2,0.0258794,11.31,15,0.0196667
2,0.0261307,11.565,16,0.0224881
2.1,0.0274372,12.815,24,0.0264802
2.1,0.0278894,13.355,15,0.0167302
2.1,0.0268844,12.345,18,0.0206508
2.1,0.0278894,13.315,25,0.0303532
2.1,0.0273367,12.69,15,0.0162024
2.1,0.0277889,13.195,22,0.0249048
2.1,0.0273869,12.915,20,0.0229365
2.1,0.0269347,12.36,16,0.0188929
2.1,0.0267839,12.15,13,0.0159365
2.1,0.0276884,13.225,16,0.0162659
2.2,0.0275879,12.91,18,0.0220595
2.2,0.0284925,13.97,26,0.0289484
2.2,0.0284422,13.815,19,0.0201151
2.2,0.0280402,13.485,19,0.0215238
2.2,0.0282412,13.645,24,0.0257262
2.2,0.0273869,12.84,17,0.0200079
2.2,0.0279397,13.225,18,0.0201548
2.2,0.0288945,14.405,23,0.0210433
2.2,0.0285427,13.975,26,0.0277024
2.2,0.0277889,13.31,17,0.0188095
2.3,0.0288442,14.4,11,0.0103452
2.3,0.0286935,14.2,21,0.0243651
2.3,0.0286935,14.155,23,0.0238135
2.3,0.0295477,15.24,23,0.0221548
2.3,0.0290955,14.59,21,0.0209643
2.3,0.0288442,14.24,27,0.0283651
2.3,0.028593,13.93,18,0.0192659
2.3,0.0294975,15.015,24,0.0271071
2.3,0.0281407,13.63,20,0.0235079
2.3,0.0290955,14.71,26,0.0267738
2.4,0.0303518,15.965,19,0.0176627
2.4,0.0294975,14.955,15,0.0151984
2.4,0.0294472,14.93,23,0.0219722
2.4,0.0299497,15.56,18,0.0171032
2.4,0.0295477,15.105,19,0.0209405
2.4,0.0294975,14.96,23,0.0216111
2.4,0.0299497,15.47,18,0.0172579
2.4,0.0301005,15.825,23,0.0225667
2.4,0.0300503,15.635,23,0.0207381
2.4,0.029799,15.605,33,0.0308333
2.5,0.0315075,17.35,20,0.0175873
2.5,0.0303518,15.885,19,0.017377
2.5,0.0304523,16.12,18,0.0182619
2.5,0.0322111,18.075,40,0.0329008
2.5,0.0308543,16.595,32,0.0280429
2.5,0.030804,16.34,20,0.0172778
2.5,0.0306533,16.335,21,0.0174127
2.5,0.031005,16.69,28,0.0240516
2.5,0.030804,16.44,22,0.0216071
2.5,0.0316583,17.535,21,0.018246
2.6,0.031608,17.365,33,0.0283175
2.6,0.0320101,17.885,21,0.0175079
2.6,0.0311558,16.87,22,0.0195032
2.6,0.0321106,18.02,30,0.0234841
2.6,0.0324121,18.19,29,0.0247063
2.6,0.0318593,17.715,31,0.02725
2.6,0.0312563,17.005,25,0.0196706
2.6,0.0315578,17.305,29,0.0246151
2.6,0.0317588,17.54,32,0.0253651
2.6,0.0321106,18.01,32,0.024952
2.7,0.0324623,18.3,37,0.0314762
2.7,0.0324121,18.39,24,0.0196468
2.7,0.0327136,18.855,34,0.0264048
2.7,0.0326131,18.63,39,0.0327857
2.7,0.0325628,18.62,30,0.0240476
2.7,0.0326131,18.645,36,0.0269881
2.7,0.0326633,18.69,35,0.027873
2.7,0.0320603,18.075,36,0.0297695
2.7,0.0329146,18.955,22,0.017325
2.7,0.0325628,18.455,36,0.0274087
2.8,0.0332663,19.445,29,0.0225505
2.8,0.0333166,19.45,30,0.0234683
2.8,0.0334171,19.635,43,0.0309989
2.8,0.0343719,20.675,27,0.0203167
2.8,0.0330151,19.205,25,0.020579
2.8,0.0337186,20.045,32,0.023369
2.8,0.0333166,19.445,33,0.0253957
2.8,0.0332161,19.345,29,0.0227976
2.8,0.0331658,19.235,38,0.0292143
2.8,0.0339196,20.17,38,0.0290476
2.9,0.0343719,20.805,47,0.0325343
2.9,0.0340704,20.5,36,0.0240913
2.9,0.0353266,22.1,53,0.0349358
2.9,0.0339196,20.335,44,0.0323874
2.9,0.0351759,21.825,42,0.0264452
2.9,0.0349246,21.485,45,0.0306028
2.9,0.0339196,20.31,30,0.0245234
2.9,0.0345226,21.145,38,0.0265141
2.9,0.0339196,20.36,34,0.0260992
2.9,0.0339698,20.23,44,0.0328214
3,0.0347739,21.355,41,0.0283402
3,0.0353266,22.225,40,0.0264058
3,0.0345226,20.95,38,0.026504
3,0.0356784,22.455,42,0.0283968
3,0.0348744,21.435,49,0.0345833
3,0.0352764,21.93,32,0.0239711
3,0.0348744,21.45,34,0.0250988
3,0.0340201,20.465,43,0.0324921
3,0.0356281,22.44,42,0.0278452
3,0.0346231,21.305,45,0.0294473
3.1,0.0358794,22.705,37,0.0229856
3.1,0.0365327,23.69,61,0.0386544
3.1,0.0366834,23.93,51,0.0328961
3.1,0.0366332,23.735,41,0.0254242
3.1,0.0357286,22.42,25,0.0171544
3.1,0.0368844,24.105,65,0.0390927
3.1,0.0356281,22.515,32,0.0209921
3.1,0.0359799,23.04,45,0.0290635
3.1,0.0369347,24.14,50,0.0331858
3.1,0.0354774,22.145,39,0.0263124
3.2,0.0372864,24.83,40,0.0241219
3.2,0.0369347,24.285,47,0.0272608
3.2,0.0369849,24.29,50,0.0299365
3.2,0.0366834,23.855,43,0.0281811
3.2,0.0367839,23.925,51,0.0321898
3.2,0.0368342,23.965,52,0.0313095
3.2,0.0372362,24.625,45,0.0276328
3.2,0.0367839,23.975,55,0.0352457
3.2,0.038191,25.995,47,0.0259491
3.2,0.0370352,24.425,50,0.0312258
3.3,0.0380905,25.76,55,0.0325216
3.3,0.0386432,26.555,54,0.0310129
3.3,0.0384925,26.415,53,0.0306811
3.3,0.038392,26.23,52,0.0309444
3.3,0.038191,26.12,63,0.0354105
3.3,0.0377889,25.33,45,0.0265191
3.3,0.0386432,26.55,58,0.0351108
3.3,0.0377889,25.41,56,0.0324729
3.3,0.0375879,25.225,49,0.0292605
3.3,0.0386935,26.715,60,0.0337644
3.4,0.0398995,28.425,67,0.0361432
3.4,0.0395477,28.075,59,0.0303784
3.4,0.0401005,28.81,67,0.0353781
3.4,0.0406533,29.53,86,0.0442738
3.4,0.0402513,29.075,66,0.0358892
3.4,0.039196,27.56,57,0.0302435
3.4,0.0399497,28.46,56,0.0307298
3.4,0.0394975,27.975,50,0.0266771
3.4,0.0396985,28.25,64,0.0357991
3.4,0.039196,27.405,56,0.0302973
3.5,0.039799,28.445,46,0.0258597
3.5,0.0408543,30.22,83,0.0402018
3.5,0.041206,30.515,71,0.0345
3.5,0.0395477,27.785,62,0.0340372
3.5,0.0403518,29.1,61,0.0312475
3.5,0.0403518,29.225,63,0.0310866
3.5,0.0400503,28.845,72,0.0380292
3.5,0.0399497,28.55,67,0.0336252
3.5,0.041608,31.105,74,0.0364141
3.5,0.0398995,28.63,69,0.0353413
3.6,0.0413568,30.645,56,0.0265433
3.6,0.0415578,31.05,68,0.0348359
3.6,0.0414573,30.76,75,0.0371414
3.6,0.0417588,31.275,71,0.0337179
3.6,0.0421106,32.06,84,0.0391872
3.6,0.0413065,30.86,61,0.0293968
3.6,0.0422613,32.145,74,0.0349152
3.6,0.0417085,31.23,78,0.0366841
3.6,0.0420101,31.525,69,0.0334838
3.6,0.0422613,32.175,72,0.0335909
3.7,0.0433166,33.945,79,0.0355322
3.7,0.0431156,33.435,80,0.0351959
3.7,0.0424121,32.375,89,0.0402586
3.7,0.0424623,32.52,66,0.0290118
3.7,0.0430653,33.455,87,0.0386685
3.7,0.0433668,33.86,85,0.0363979
3.7,0.0421106,31.685,75,0.0352969
3.7,0.0429146,33.21,70,0.0325649
3.7,0.0419598,31.75,77,0.0378063
3.7,0.0428643,33.3,92,0.040406
3.8,0.0436181,34.48,93,0.0402911
3.8,0.0436181,34.4,83,0.0368561
3.8,0.0440201,35.065,73,0.0297435
3.8,0.0440201,34.935,98,0.0416664
3.8,0.0439196,34.935,79,0.0341648
3.8,0.0438191,34.65,99,0.0431152
3.8,0.0443719,35.5,94,0.0395446
3.8,0.0441709,35.22,81,0.034959
3.8,0.0443719,35.615,81,0.0333264
3.8,0.0437186,34.82,89,0.0381881
3.9,0.0454271,37.39,110,0.0429265
3.9,0.0445226,35.815,81,0.0339506
3.9,0.0455276,37.755,98,0.0398132
3.9,0.0445729,35.92,95,0.0387242
3.9,0.0455276,37.5,87,0.0340072
3.9,0.0456784,37.97,97,0.0394529
3.9,0.0456784,37.925,101,0.040225
3.9,0.0452261,37.09,104,0.0432039
3.9,0.0445226,35.9,96,0.0414291
3.9,0.0456784,37.845,98,0.0385549
4,0.0464322,39.24,113,0.0419564
4,0.0471859,40.59,105,0.0388773
4,0.0459799,38.665,102,0.0387286
4,0.0467337,39.685,118,0.0445609
4,0.0470854,40.33,102,0.0377125
4,0.0473869,40.77,109,0.0391947
4,0.0461307,38.665,104,0.0410505
4,0.0466834,39.64,107,0.0401229
4,0.0468342,39.73,109,0.0417226
4,0.0471357,40.63,111,0.0421485
4.1,0.0482412,42.57,125,0.0434869
4.1,0.0472864,40.65,132,0.049558
4.1,0.0478894,41.56,106,0.0373495
4.1,0.0477387,41.48,106,0.0391212
4.1,0.0462312,38.965,101,0.0381039
4.1,0.048191,42.455,123,0.0438168
4.1,0.0481407,42.63,120,0.0415339
4.1,0.0480905,42.17,129,0.0453264
4.1,0.0478894,41.6,97,0.0349471
4.1,0.0469347,39.94,109,0.0414055
4.2,0.0486935,43.11,115,0.0395459
4.2,0.0494472,44.66,132,0.0448271
4.2,0.049397,44.69,127,0.0432435
4.2,0.0493467,44.335,118,0.0392905
4.2,0.0497487,45.315,126,0.0418921
4.2,0.049799,45.365,114,0.0373473
4.2,0.0486935,43.32,125,0.0447648
4.2,0.0492965,44.415,126,0.0424708
4.2,0.0492462,44.325,123,0.0418
4.2,0.049598,45.165,140,0.0465903
4.3,0.0501005,45.99,127,0.0417738
4.3,0.0511558,48.035,132,0.0409102
4.3,0.0505025,46.785,137,0.0436426
4.3,0.0511558,47.92,150,0.04688
4.3,0.0515075,48.505,128,0.0391528
4.3,0.0519095,49.605,140,0.0420451
4.3,0.0511055,47.95,121,0.0356773
4.3,0.051206,48.02,126,0.0393086
4.3,0.049799,45.21,133,0.0432184
4.3,0.0511558,48.06,160,0.0501246
4.4,0.0520603,49.81,177,0.0544933
4.4,0.0518593,49.535,138,0.0419635
4.4,0.0520101,49.555,148,0.0432956
4.4,0.0525126,50.675,159,0.0469664
4.4,0.0517085,49.035,158,0.0477229
4.4,0.0522613,49.91,130,0.0388409
4.4,0.0520101,49.745,160,0.0478993
4.4,0.0528643,51.575,143,0.041151
4.4,0.0529648,51.605,168,0.0487944
4.4,0.0531156,51.87,180,0.0524243
4.5,0.0541709,54.16,187,0.050107
4.5,0.0538693,53.355,174,0.0497239
4.5,0.0541709,53.955,165,0.0460678
4.5,0.0533668,52.175,159,0.0448069
4.5,0.0540704,53.805,181,0.0514976
4.5,0.0531156,51.91,144,0.0409453
4.5,0.0540201,53.605,153,0.0430345
4.5,0.0537186,52.985,161,0.0463519
4.5,0.0535678,52.585,143,0.0409029
4.5,0.0533166,52.265,153,0.0437565
4.6,0.0565829,59.19,215,0.0553375
4.6,0.0558794,57.765,182,0.0475615
4.6,0.0546734,55.065,158,0.0430002
4.6,0.0554271,56.62,186,0.0484635
4.6,0.0557789,57.495,177,0.0474034
4.6,0.0555276,56.835,180,0.0480601
4.6,0.0552261,56.385,187,0.0502302
4.6,0.0549749,55.76,192,0.0528139
4.6,0.0561809,58.16,177,0.0459631
4.6,0.0552764,56.255,186,0.0491429
4.7,0.0555779,57.305,168,0.043257
4.7,0.0571859,60.425,180,0.0453923
4.7,0.0568844,59.975,217,0.05338
4.7,0.0572362,60.515,210,0.0518611
4.7,0.0566834,59.41,187,0.0467665
4.7,0.0568844,60.005,181,0.0455935
4.7,0.0574874,61.28,206,0.0498772
4.7,0.0567839,59.68,210,0.0533963
4.7,0.0578392,62.11,225,0.0538186
4.7,0.0569849,60.105,196,0.0488594
4.8,0.0581407,62.61,205,0.0487563
4.8,0.0579397,62.17,229,0.0550401
4.8,0.058995,64.705,236,0.0546815
4.8,0.0579899,62.085,217,0.0521195
4.8,0.0586432,63.555,200,0.0479947
4.8,0.0586935,63.795,222,0.0523083
4.8,0.058593,63.54,221,0.0524703
4.8,0.0596985,66.25,267,0.0599322
4.8,0.0595477,65.745,234,0.0539068
4.8,0.058191,62.56,188,0.0447888
4.9,0.060603,68.28,241,0.0528494
4.9,0.0596985,66.08,221,0.0503723
4.9,0.0606533,68.45,251,0.0547358
4.9,0.0609045,69.235,264,0.0577836
4.9,0.0604523,68.035,246,0.0532678
4.9,0.0608543,68.85,230,0.0503429
4.9,0.0607035,68.61,260,0.056923
4.9,0.0609045,68.905,240,0.0523446
4.9,0.0594472,65.515,255,0.0592502
4.9,0.0600503,67.22,217,0.0493368
5,0.0614573,70.275,270,0.0583066
5,0.0621608,71.775,261,0.0540797
5,0.0627136,72.965,248,0.0507649
5,0.0621608,72.045,279,0.0586592
5,0.0622613,72.345,263,0.0552851
5,0.0628643,73.615,286,0.0578267
5,0.0627638,73.575,263,0.0536486
5,0.061407,70.125,251,0.0540714
5,0.0624121,72.81,270,0.0558427
5,0.0622111,72.015,277,0.056525
5.1,0.0651256,79.48,311,0.0582642
5.1,0.0644724,77.715,300,0.0568835
5.1,0.0638693,76.285,273,0.055185
5.1,0.0642714,77.03,303,0.0587813
5.1,0.0650251,79.12,322,0.060738
5.1,0.0640704,76.635,281,0.0546244
5.1,0.0636683,75.32,278,0.0557813
5.1,0.0651256,79.225,322,0.0615388
5.1,0.0636683,75.7,280,0.0556926
5.1,0.0634171,74.885,297,0.0601576
5.2,0.0648744,78.615,325,0.0624794
5.2,0.0666332,82.98,353,0.0634788
5.2,0.0668342,83.58,362,0.064967
5.2,0.0657286,80.805,326,0.0616318
5.2,0.0663819,82.49,357,0.0652165
5.2,0.0654271,79.985,315,0.0588763
5.2,0.0673869,85.08,350,0.0617341
5.2,0.0655276,80.185,314,0.0589106
5.2,0.0657789,80.975,306,0.057596
5.2,0.0677387,85.995,330,0.057352
5.3,0.0688442,88.82,384,0.0648687
5.3,0.0687437,88.735,406,0.0684222
5.3,0.0671859,84.165,345,0.061441
5.3,0.0679899,86.58,350,0.06079
5.3,0.068191,87.195,364,0.0626561
5.3,0.0690452,89.235,329,0.0551003
5.3,0.0683417,87.775,349,0.0597807
5.3,0.0686935,88.68,368,0.0610958
5.3,0.0676884,85.98,355,0.0613763
5.3,0.0684422,87.71,363,0.0616537
5.4,0.0703015,93.05,399,0.0644999
5.4,0.0699497,91.925,377,0.0611949
5.4,0.0709548,94.52,399,0.0634764
5.4,0.0703518,92.91,403,0.0649332
5.4,0.0694975,90.7,400,0.0654981
5.4,0.0715578,96.405,428,0.06717
5.4,0.0712563,95.54,412,0.0652638
5.4,0.0705025,93.63,389,0.0626835
5.4,0.0708543,94.615,415,0.0661087
5.4,0.0721608,98.02,436,0.0671492
5.5,0.0738693,102.73,490,0.071516
5.5,0.0736683,101.725,471,0.0687434
5.5,0.0726633,99.47,417,0.0621817
5.5,0.0727638,99.885,467,0.0706665
5.5,0.0725628,99.275,482,0.0726222
5.5,0.0736683,102.545,452,0.0665097
5.5,0.0742714,103.91,473,0.0686894
5.5,0.0730151,100.41,436,0.0648624
5.5,0.0732663,101.04,447,0.0671995
5.5,0.0732663,101.195,461,0.06893
5.6,0.0757789,108.55,567,0.0787828
5.6,0.0762814,109.995,508,0.0689614
5.6,0.0752764,107.4,493,0.0689723
5.6,0.0757286,107.96,503,0.0700017
5.6,0.0761307,109.61,564,0.0767078
5.6,0.0767337,111.25,548,0.0752921
5.6,0.0769849,112.01,565,0.0748573
5.6,0.0747236,105.185,457,0.0643387
5.6,0.0759799,109.015,493,0.0671787
5.6,0.0758794,108.865,497,0.0680678
5.7,0.0790452,118.36,591,0.0748089
5.7,0.078593,116.905,581,0.0743259
5.7,0.0788945,117.575,569,0.0732796
5.7,0.079397,119.45,598,0.0757918
5.7,0.0780905,115.135,530,0.0690506
5.7,0.079196,118.455,586,0.0744264
5.7,0.0788442,117.645,571,0.0724157
5.7,0.0799497,120.98,588,0.0732212
5.7,0.0791457,118.435,569,0.0715616
5.7,0.0788442,117.815,576,0.0729149
5.8,0.0824121,128.685,625,0.0726455
5.8,0.080201,121.62,584,0.0709973
5.8,0.0818593,127.385,672,0.078394
5.8,0.0827136,130.23,688,0.078806
5.8,0.0824121,128.97,669,0.0780151
5.8,0.081809,127.005,655,0.0774565
5.8,0.0826131,129.545,658,0.0765157
5.8,0.081407,125.415,604,0.0726844
5.8,0.0809548,124.15,667,0.0799605
5.8,0.0821608,128.075,694,0.0807552
5.9,0.0846231,136.41,747,0.0811465
5.9,0.0858794,140.52,716,0.0765704
5.9,0.0845226,135.585,665,0.0735615
5.9,0.0837688,133.575,682,0.0770802
5.9,0.0850754,138.045,746,0.0807087
5.9,0.0843719,135.235,721,0.0807173
5.9,0.0864322,142.35,756,0.0797558
5.9,0.0846231,135.975,668,0.0732663
5.9,0.0840704,133.875,727,0.0810465
5.9,0.0851256,138.02,692,0.0752557
6,0.0884925,148.955,860,0.0866363
6,0.0900503,154.35,841,0.0816661
6,0.0892965,152.34,855,0.0839528
6,0.0876884,146.34,833,0.0850478
6,0.0886935,149.58,790,0.0788498
6,0.0876884,146.48,861,0.0879317
6,0.0895477,152.655,790,0.0778405
6,0.0860302,141.165,749,0.0791876
6,0.0878894,146.945,808,0.0829953
6,0.089799,154.025,885,0.0863507
6.1,0.0917588,160.625,942,0.0878045
6.1,0.0938693,168.57,989,0.0873278
6.1,0.0940704,168.865,973,0.0858606
6.1,0.0937688,168.14,978,0.0861729
6.1,0.0919598,161.71,921,0.0848786
6.1,0.0928643,164.42,942,0.0858482
6.1,0.0940201,168.505,1043,0.0931492
6.1,0.0930151,165.245,975,0.0878908
6.1,0.091809,161.205,965,0.089768
6.1,0.0930653,165.73,983,0.0893052
6.2,0.0957286,175.49,1046,0.0899655
6.2,0.0974874,181.085,1088,0.0899908
6.2,0.0940704,168.93,991,0.0886046
6.2,0.0980402,184.285,1124,0.0915854
6.2,0.0968342,179.75,1139,0.0953366
6.2,0.0961307,176.525,1068,0.0907619
6.2,0.0967337,177.96,1076,0.0902328
6.2,0.0970352,180.22,1091,0.0905591
6.2,0.0960804,176.835,1066,0.0897866
6.2,0.0958291,175.54,1078,0.0924705
6.3,0.10201,199.075,1249,0.0935963
6.3,0.101156,195.755,1259,0.0966222
6.3,0.100955,195.745,1243,0.0951575
6.3,0.101307,197.265,1298,0.0993294
6.3,0.101005,196.14,1229,0.0937682
6.3,0.101357,197.87,1234,0.0926556
6.3,0.10005,191.96,1236,0.0973039
6.3,0.101357,197.555,1300,0.0993432
6.3,0.100955,195.025,1213,0.0932879
6.3,0.101307,197.66,1270,0.0958521
6.4,0.107688,223.605,1519,0.102565
6.4,0.106332,217.71,1486,0.102395
6.4,0.106482,217.88,1506,0.103639
6.4,0.108241,225.02,1505,0.100811
6.4,0.106734,219.225,1497,0.102635
6.4,0.107437,222.94,1549,0.104509
6.4,0.10603,215.9,1524,0.105103
6.4,0.106985,220.125,1447,0.0977602
6.4,0.103869,206.695,1339,0.0981241
6.4,0.104925,211.37,1395,0.0992932
6.5,0.110754,235.905,1699,0.108142
6.5,0.112312,242.66,1769,0.109511
6.5,0.111256,238.33,1763,0.11152
6.5,0.112513,243.265,1767,0.10873
6.5,0.111558,239.735,1702,0.106519
6.5,0.113116,246.93,1787,0.108819
6.5,0.111156,238.475,1738,0.109253
6.5,0.111256,238.11,1682,0.106002
6.5,0.114824,254.415,1803,0.10697
6.5,0.111457,239.295,1670,0.105344
6.6,0.114925,254.985,1920,0.11215
6.6,0.118442,270.425,2058,0.114415
6.6,0.118794,273.33,2133,0.117423
6.6,0.119648,277.345,2164,0.117246
6.6,0.116683,262.775,1916,0.110094
6.6,0.119045,274.155,2073,0.113379
6.6,0.117889,267.69,2027,0.11344
6.6,0.117588,266.76,1912,0.10771
6.6,0.117588,267.985,2079,0.116599
6.6,0.119246,275.45,2087,0.113506
6.7,0.124472,300.225,2422,0.120917
6.7,0.124724,301.485,2430,0.121049
6.7,0.126432,309.365,2557,0.123659
6.7,0.126332,309.645,2480,0.120033
6.7,0.126382,309.02,2522,0.122366
6.7,0.125628,305.11,2446,0.119929
6.7,0.125628,305.935,2598,0.127735
6.7,0.124824,302.4,2402,0.119446
6.7,0.122613,291.275,2280,0.117387
6.7,0.125729,307.56,2542,0.123942
6.8,0.133668,347.805,2992,0.128096
6.8,0.137387,366.42,3168,0.130146
6.8,0.134271,349.955,3078,0.131787
6.8,0.131759,336.08,2893,0.129536
6.8,0.134523,352.415,3096,0.131623
6.8,0.129397,324.12,2653,0.122517
6.8,0.133568,347.55,2961,0.12816
6.8,0.134874,353.045,3128,0.132825
6.8,0.132613,341.135,2946,0.129594
6.8,0.133719,346.795,2985,0.129011
6.9,0.146834,420.575,3937,0.14043
6.9,0.142764,396.915,3628,0.136643
6.9,0.143568,401.5,3832,0.14346
6.9,0.144724,407.345,3857,0.141578
6.9,0.143467,400.475,3786,0.141353
6.9,0.142111,393.01,3606,0.137801
6.9,0.145427,411.01,3914,0.142966
6.9,0.143065,398.32,3687,0.138868
6.9,0.145779,412.705,3945,0.143826
6.9,0.141457,389.875,3657,0.141218
7,0.156834,480.74,4954,0.154484
7,0.154322,464.145,4673,0.151218
7,0.155578,472.25,4815,0.15316
7,0.158744,493.43,5164,0.157581
7,0.155729,473.67,4814,0.152477
7,0.158191,489.51,5011,0.153275
7,0.154774,467.52,4737,0.151709
7,0.155779,473.63,4740,0.150346
7,0.158643,491.845,5117,0.15612
7,0.157387,485,5042,0.155585
7.1,0.169447,560.635,6225,0.166722
7.1,0.168141,554.66,6185,0.167849
7.1,0.168442,557.165,6110,0.164112
7.1,0.168141,552.5,6183,0.167548
7.1,0.170754,572.16,6450,0.16877
7.1,0.171658,575.255,6428,0.167309
7.1,0.172161,579.57,6585,0.17064
7.1,0.172412,581.955,6631,0.170812
7.1,0.170101,566.56,6375,0.168902
7.1,0.169296,559.25,6327,0.169595
7.2,0.189095,700.12,8654,0.185459
7.2,0.189296,701.12,8621,0.184046
7.2,0.186533,682.845,8502,0.186712
7.2,0.186583,680.645,8335,0.183503
7.2,0.188693,698.975,8752,0.187911
7.2,0.189347,703.62,8847,0.188407
7.2,0.18794,695.895,8685,0.18692
7.2,0.193317,733.965,9409,0.191787
7.2,0.18799,692.72,8500,0.184247
7.2,0.188342,694.455,8641,0.186713
7.3,0.205075,827.035,11121,0.201367
7.3,0.210151,868.52,12191,0.211033
7.3,0.211407,880.785,12507,0.213128
7.3,0.208844,858.04,12005,0.20981
7.3,0.211759,878.8,12207,0.208519
7.3,0.212915,889.775,12540,0.21161
7.3,0.207437,842.76,11485,0.20429
7.3,0.211709,880.11,12355,0.210787
7.3,0.203769,814.775,10950,0.201439
7.3,0.210905,873.7,12186,0.209215
7.4,0.241206,1142.14,18248,0.239436
7.4,0.236633,1099.78,17233,0.235216
7.4,0.236281,1098.26,17157,0.234319
7.4,0.237487,1107.91,17411,0.235745
7.4,0.23809,1114.66,17682,0.238129
7.4,0.236734,1100.99,17251,0.235069
7.4,0.237638,1107.57,17327,0.234829
7.4,0.242412,1155.97,18674,0.242195
7.4,0.234171,1079.83,16781,0.233028
7.4,0.232965,1066.15,16399,0.230983
7.5,0.274221,1480.17,27264,0.275912
7.5,0.268945,1422.16,25368,0.267472
7.5,0.274874,1485.72,27006,0.272843
7.5,0.273769,1478.4,27108,0.274952
7.5,0.272613,1464.06,26632,0.272914
7.5,0.274874,1489.41,27386,0.275965
7.5,0.269196,1428.81,25669,0.269909
7.5,0.269899,1432.21,25386,0.266188
7.5,0.272965,1467.85,26553,0.271031
7.5,0.273116,1469.53,26822,0.273666
7.6,0.311005,1906.79,39682,0.312157
7.6,0.308794,1878.41,38724,0.309342
7.6,0.316683,1971.61,41563,0.316381
7.6,0.31201,1919.49,39988,0.312847
7.6,0.310251,1893.81,38735,0.30666
7.6,0.315528,1961.55,41058,0.314272
7.6,0.312362,1921.44,39935,0.312071
7.6,0.313719,1934.34,40271,0.312435
7.6,0.314724,1954.06,41038,0.315182
7.6,0.309749,1893.03,39243,0.311125
7.7,0.355578,2494.33,59260,0.356261
7.7,0.360251,2556.5,61501,0.361151
7.7,0.353367,2457.16,57950,0.353832
7.7,0.354724,2479.29,58802,0.35575
7.7,0.354623,2479.54,58778,0.355568
7.7,0.350452,2418.11,56538,0.350702
7.7,0.354824,2482.96,58898,0.356023
7.7,0.353367,2458.66,57813,0.352731
7.7,0.352412,2443.75,57193,0.350928
7.7,0.35206,2436.8,57211,0.352257
7.8,0.404623,3225.03,87065,0.405004
7.8,0.398593,3126.24,82791,0.397258
7.8,0.39804,3122.63,82704,0.397446
7.8,0.400201,3157.18,84112,0.399558
7.8,0.400201,3153.79,83988,0.39934
7.8,0.403216,3203.05,86332,0.404266
7.8,0.405226,3235.62,87361,0.4052
7.8,0.399598,3140.84,83372,0.398276
7.8,0.399447,3145.26,83898,0.400406
7.8,0.39598,3085.42,81504,0.396186
7.9,0.447588,3947.18,117505,0.446389
7.9,0.450151,3992.16,119642,0.449678
7.9,0.458291,4141.27,126835,0.459502
7.9,0.451508,4019.42,121017,0.451766
7.9,0.452462,4033.68,121756,0.452801
7.9,0.450603,3997.82,119943,0.450124
7.9,0.451508,4013.62,120721,0.451216
7.9,0.459095,4157.62,127497,0.459908
7.9,0.452261,4027.72,121458,0.452396
7.9,0.454322,4063.15,122674,0.452853
8,0.502663,4979.96,167101,0.503409
8,0.497085,4869.19,161672,0.498117
8,0.495528,4839.88,160162,0.496364
8,0.500201,4929.35,164385,0.5003
8,0.497337,4869.94,161037,0.496169
8,0.494372,4812.67,158320,0.493493
8,0.501106,4945.23,165225,0.501227
8,0.501859,4960.57,165994,0.501938
8,0.503317,4985.98,167105,0.50273
8,0.501608,4956.88,165422,0.500671
8.1,0.552111,6002.79,220915,0.552065
8.1,0.553367,6037.64,223150,0.554306
8.1,0.553518,6034.17,222690,0.553581
8.1,0.550854,5978.35,219916,0.551843
8.1,0.554523,6057.59,223804,0.554263
8.1,0.549749,5953.79,218056,0.549416
8.1,0.546884,5892.4,214751,0.546839
8.1,0.550653,5973.55,219353,0.550932
8.1,0.554874,6065.71,224274,0.554671
8.1,0.546583,5883.57,214216,0.546167
8.2,0.605477,7220,291231,0.604952
8.2,0.597889,7040.28,280461,0.597635
8.2,0.60201,7138.56,286371,0.601662
8.2,0.597839,7039.6,280362,0.59746
8.2,0.60397,7184.11,289212,0.603857
8.2,0.601055,7115.65,285011,0.600884
8.2,0.592714,6916.88,272881,0.591766
8.2,0.598995,7067.08,281984,0.598682
8.2,0.605779,7224.81,291599,0.605388
8.2,0.595377,6978.51,276580,0.594598
8.3,0.641055,8096.56,346087,0.641165
8.3,0.643015,8145.88,349325,0.643307
8.3,0.653568,8418.12,366884,0.653811
8.3,0.64608,8222.17,354030,0.645865
8.3,0.648191,8279.41,357675,0.64802
8.3,0.642663,8137.25,348845,0.643104
8.3,0.646131,8227.63,354811,0.646931
8.3,0.649497,8312.41,359874,0.649407
8.3,0.645628,8212.15,353630,0.645954
8.3,0.647638,8261.08,356710,0.647723
8.4,0.695477,9528.34,441641,0.695334
8.4,0.688693,9344.61,429148,0.688883
8.4,0.692864,9454.11,436325,0.692326
8.4,0.687739,9314.57,426745,0.687239
8.4,0.690553,9399.06,433137,0.69133
8.4,0.69402,9492.43,439641,0.694755
8.4,0.687789,9322.17,427672,0.688223
8.4,0.687739,9319.45,427200,0.687626
8.4,0.691357,9416.11,433874,0.691208
8.4,0.688291,9331.06,428025,0.688089
8.5,0.722764,10289.4,495577,0.72249
8.5,0.731256,10533.7,513413,0.731145
8.5,0.738141,10736,528555,0.738498
8.5,0.73603,10673.8,523759,0.736102
8.5,0.73206,10559.5,515387,0.732212
8.5,0.728945,10466.9,508596,0.728876
8.5,0.734673,10634.1,521119,0.735086
8.5,0.732462,10570.3,516289,0.732675
8.5,0.733417,10598.9,518340,0.733605
8.5,0.729146,10474.9,509201,0.729178
8.6,0.770854,11706.3,601517,0.7708
8.6,0.763266,11477.6,584186,0.763513
8.6,0.77005,11683.6,600003,0.770313
8.6,0.768291,11627.3,595373,0.768098
8.6,0.770402,11695.7,601025,0.770854
8.6,0.770955,11709.2,601749,0.770872
8.6,0.766231,11563.9,590387,0.765839
8.6,0.768794,11644.2,596838,0.768839
8.6,0.768894,11649.5,597406,0.769206
8.6,0.772864,11766.4,606079,0.772664
8.7,0.802663,12696.6,679774,0.803093
8.7,0.804975,12764,684734,0.804704
8.7,0.802613,12690.4,678897,0.80248
8.7,0.799648,12600.1,671967,0.799979
8.7,0.801055,12639,674689,0.800742
8.7,0.797437,12525.7,665662,0.797182
8.7,0.80206,12674.8,677803,0.802171
8.7,0.802362,12681.7,678109,0.802071
8.7,0.799598,12594.5,671182,0.799397
8.7,0.805377,12778.5,686046,0.805325
8.8,0.835176,13742.4,765188,0.835231
8.8,0.839045,13868.5,775679,0.838973
8.8,0.83201,13638.7,756686,0.832231
8.8,0.830854,13599.1,753178,0.83078
8.8,0.83206,13637.6,756133,0.831667
8.8,0.831156,13610.8,754248,0.831235
8.8,0.833769,13693.5,761001,0.833616
8.8,0.830201,13576.5,751109,0.829869
8.8,0.83201,13635.8,756054,0.831702
8.8,0.83402,13703.9,762083,0.834175
8.9,0.856332,14444.6,824424,0.85613
8.9,0.86,14571.6,835530,0.860118
8.9,0.855075,14404.6,821088,0.855038
8.9,0.857236,14476.1,827150,0.857098
8.9,0.854724,14393.2,820216,0.854813
8.9,0.859497,14554.3,833995,0.859553
8.9,0.854171,14375.1,818746,0.854358
8.9,0.85809,14505,829682,0.858017
8.9,0.856131,14439.1,823905,0.855917
8.9,0.856181,14440.5,824046,0.855982
9,0.877337,15162.5,886573,0.877091
9,0.880754,15282.3,897320,0.880761
9,0.883216,15369.9,905252,0.883482
9,0.880151,15259.9,895181,0.879948
9,0.881005,15289.8,897818,0.880812
9,0.879146,15228.1,892645,0.879281
9,0.879749,15247.5,894225,0.879724
9,0.885477,15447.3,911895,0.885509
9,0.876131,15123,883394,0.876223
9,0.881809,15319.3,900544,0.881787
9.1,0.898392,15902.2,952627,0.898591
9.1,0.896734,15843.8,947391,0.896948
9.1,0.901106,15996.9,960980,0.901102
9.1,0.899146,15927.8,954780,0.899165
9.1,0.900905,15989,960188,0.900806
9.1,0.899347,15934.1,955244,0.899244
9.1,0.899246,15932.8,955412,0.899488
9.1,0.902362,16042.1,965062,0.902381
9.1,0.895477,15796.3,942820,0.895297
9.1,0.902312,16040.1,964924,0.90236
9.2,0.91603,16529.6,1009223,0.915839
9.2,0.915176,16500.4,1006732,0.915194
9.2,0.918593,16624.3,1018054,0.918592
9.2,0.918392,16615.9,1017217,0.918301
9.2,0.918643,16625.8,1018197,0.918641
9.2,0.916734,16556.8,1011893,0.916765
9.2,0.911759,16378,995559,0.911803
9.2,0.917889,16597.8,1015591,0.917839
9.2,0.915025,16495.7,1006341,0.915101
9.2,0.914673,16481.2,1004909,0.914597
9.3,0.930503,17057.6,1058110,0.930484
9.3,0.929045,17004.3,1053165,0.929031
9.3,0.931256,17086.2,1060878,0.931352
9.3,0.927387,16944.3,1047689,0.92748
9.3,0.928392,16981.1,1051116,0.928497
9.3,0.931558,17096.7,1061768,0.931565
9.3,0.932111,17117.4,1063753,0.932178
9.3,0.930804,17068.8,1059197,0.930828
9.3,0.930653,17063.1,1058624,0.93063
9.3,0.927387,16943.8,1047586,0.927411
9.4,0.943166,17525.3,1101944,0.943164
9.4,0.938693,17359.5,1086351,0.938703
9.4,0.94201,17482.9,1097987,0.942061
9.4,0.942864,17512.9,1100655,0.942725
9.4,0.939548,17391,1089313,0.939554
9.4,0.945176,17599.3,1108874,0.945106
9.4,0.942362,17495.6,1099161,0.942383
9.4,0.940101,17411.1,1091167,0.940071
9.4,0.944271,17566.3,1105814,0.944268
9.4,0.942462,17499.6,1099569,0.942514
9.5,0.952864,17887.1,1136216,0.952828
9.5,0.952714,17881.5,1135667,0.952666
9.5,0.952814,17884.9,1135986,0.95275
9.5,0.952915,17889.5,1136485,0.952924
9.5,0.954623,17953.9,1142622,0.954637
9.5,0.953618,17915.7,1138977,0.953619
9.5,0.953819,17923.8,1139790,0.953871
9.5,0.952814,17884.9,1135983,0.952751
9.5,0.954121,17935.1,1140867,0.954167
9.5,0.952965,17891.3,1136647,0.952964
9.6,0.960653,18181.2,1164390,0.960658
9.6,0.960603,18178.9,1164126,0.960565
9.6,0.958794,18110.7,1157619,0.958792
9.6,0.959246,18127.7,1159232,0.959228
9.6,0.958995,18118.3,1158356,0.958998
9.6,0.960251,18166.3,1163002,0.960303
9.6,0.961156,18199.9,1166150,0.961123
9.6,0.959447,18135.2,1159946,0.959416
9.6,0.961055,18196.5,1165866,0.961069
9.6,0.962312,18244,1170430,0.962318
9.7,0.968241,18469.6,1192219,0.968259
9.7,0.967186,18429.6,1188367,0.967225
9.7,0.968191,18467.4,1191967,0.968171
9.7,0.966281,18394.8,1184979,0.966292
9.7,0.96598,18383.2,1183841,0.965973
9.7,0.97,18537,1198752,0.970025
9.7,0.969196,18505.9,1195707,0.969186
9.7,0.970402,18552.4,1200249,0.970433
9.7,0.968794,18490.8,1194280,0.96882
9.7,0.964874,18342.2,1179971,0.964971
9.8,0.972312,18624.8,1207235,0.972282
9.8,0.972764,18642.4,1208976,0.972766
9.8,0.970905,18570.8,1201975,0.970861
9.8,0.972965,18650.4,1209789,0.973002
9.8,0.974372,18703.9,1214939,0.974347
9.8,0.972362,18627.1,1207494,0.972371
9.8,0.972312,18625,1207268,0.972299
9.8,0.97201,18613.8,1206212,0.972037
9.8,0.973518,18671.3,1211774,0.973509
9.8,0.971407,18590.6,1203958,0.971427
9.9,0.97799,18843.5,1228618,0.978019
9.9,0.978744,18872.5,1231450,0.978766
9.9,0.978744,18872.4,1231432,0.978757
9.9,0.978693,18870.3,1231196,0.97868
9.9,0.977487,18824.1,1226700,0.977502
9.9,0.977839,18837.6,1228024,0.977853
9.9,0.977839,18837.6,1228029,0.977856
9.9,0.978492,18863,1230520,0.978524
9.9,0.977588,18827.6,1227022,0.977572
9.9,0.976784,18797.1,1224073,0.976809
10,0.982864,19031.5,1247009,0.982854
10,0.982513,19017.9,1245687,0.982511
10,0.982663,19023.7,1246234,0.982648
10,0.98005,18922.6,1236320,0.980036
10,0.983166,19043.2,1248174,0.983164
10,0.983367,19051.1,1248945,0.983366
10,0.980553,18942.5,1238308,0.980584
10,0.982513,19018,1245708,0.982522
10,0.982513,19017.9,1245682,0.982508
10,0.982513,19018,1245689,0.982511
10.1,0.98603,19154.4,1259130,0.986037
10.1,0.985628,19138.8,1257584,0.985631
10.1,0.986633,19178,1261466,0.986653
10.1,0.986181,19160.3,1259710,0.986188
10.1,0.985025,19115.2,1255226,0.984999
10.1,0.986382,19168,1260449,0.986373
10.1,0.985528,19134.8,1257174,0.985518
10.1,0.984573,19098.1,1253590,0.984598
10.1,0.98598,19152.2,1258880,0.985955
10.1,0.98407,19078.3,1251624,0.98407
10.2,0.987789,19222.9,1265897,0.987804
10.2,0.988442,19248.3,1268400,0.988452
10.2,0.988442,19248.3,1268394,0.988448
10.2,0.986935,19189.5,1262586,0.986934
10.2,0.988442,19248,1268339,0.988419
10.2,0.987588,19215,1265101,0.987591
10.2,0.988392,19246.2,1268166,0.988379
10.2,0.988643,19256.2,1269181,0.988656
10.2,0.98794,19228.8,1266473,0.987952
10.2,0.987688,19218.8,1265471,0.987682
10.3,0.988995,19269.8,1270521,0.989
10.3,0.98995,19307,1274200,0.989952
10.3,0.990251,19318.7,1275358,0.99025
10.3,0.990201,19316.7,1275142,0.990189
10.3,0.989296,19281.6,1271692,0.989306
10.3,0.990251,19318.7,1275346,0.990245
10.3,0.990603,19332.6,1276738,0.990613
10.3,0.990352,19322.6,1275728,0.990342
10.3,0.989497,19289.3,1272446,0.989496
10.3,0.990653,19334.4,1276901,0.990647
10.4,0.99196,19385.4,1281963,0.991955
10.4,0.992513,19407,1284104,0.992506
10.4,0.99196,19385.4,1281967,0.991957
10.4,0.99196,19385.5,1281970,0.991958
10.4,0.991709,19375.7,1281001,0.99171
10.4,0.99201,19387.5,1282172,0.992012
10.4,0.992513,19407.1,1284117,0.992512
10.4,0.992261,19397.3,1283145,0.992262
10.4,0.991005,19348.1,1278263,0.990999
10.4,0.991658,19373.6,1280781,0.991646
10.5,0.992613,19411.1,1284528,0.992624
10.5,0.993518,19446.4,1288030,0.993522
10.5,0.993116,19430.6,1286451,0.993111
10.5,0.993518,19446.3,1287998,0.993505
10.5,0.993015,19426.8,1286078,0.99302
10.5,0.992714,19414.9,1284894,0.992712
10.5,0.992613,19411,1284512,0.992616
10.5,0.992764,19416.8,1285070,0.992752
10.5,0.993769,19456.1,1288972,0.993754
10.5,0.993367,19440.5,1287431,0.993364
10.6,0.994623,19489.7,1292331,0.994625
10.6,0.995226,19513.4,1294685,0.99523
10.6,0.993668,19452.3,1288611,0.99367
10.6,0.995729,19533,1296638,0.995727
10.6,0.995075,19507.4,1294088,0.995074
10.6,0.994523,19485.7,1291921,0.994515
10.6,0.995628,19529.1,1296248,0.995628
10.6,0.994472,19483.8,1291737,0.994471
10.6,0.994824,19497.7,1293122,0.99483
10.6,0.994573,19487.7,1292125,0.99457
10.7,0.995377,19519.3,1295281,0.995384
10.7,0.995729,19533.1,1296643,0.99573
10.7,0.995477,19523.3,1295671,0.995483
10.7,0.995578,19527.1,1296052,0.995578
10.7,0.994975,19503.5,1293693,0.994972
10.7,0.994372,19479.9,1291360,0.994378
10.7,0.995276,19515.3,1294874,0.995276
10.7,0.995327,19517.4,1295094,0.995339
10.7,0.994975,19503.5,1293695,0.994973
10.7,0.995327,19517.3,1295066,0.995324
10.8,0.996382,19558.7,1299191,0.99638
10.8,0.996332,19556.7,1298994,0.996329
10.8,0.99608,19546.8,1298010,0.996078
10.8,0.996583,19566.6,1299980,0.996582
10.8,0.996131,19548.9,1298220,0.996135
10.8,0.997085,19586.3,1301948,0.997085
10.8,0.996834,19576.5,1300967,0.996835
10.8,0.996633,19568.6,1300182,0.996635
10.8,0.997286,19594.2,1302734,0.997285
10.8,0.995578,19527.2,1296056,0.99558
10.9,0.996734,19572.5,1300576,0.996736
10.9,0.997337,19596.2,1302939,0.99734
10.9,0.996432,19560.7,1299388,0.99643
10.9,0.996533,19564.6,1299783,0.996532
10.9,0.997236,19592.3,1302542,0.997237
10.9,0.997136,19588.3,1302147,0.997136
10.9,0.996884,19578.4,1301161,0.996884
10.9,0.997286,19594.3,1302745,0.997291
10.9,0.996784,19574.5,1300765,0.996782
10.9,0.996784,19574.5,1300774,0.996787
11,0.997236,19592.2,1302533,0.997233
11,0.997739,19612,1304505,0.997736
11,0.997538,19604.1,1303721,0.997537
11,0.997236,19592.3,1302541,0.997237
11,0.996734,19572.6,1300588,0.996742
11,0.997186,19590.2,1302333,0.997181
11,0.997186,19590.3,1302351,0.99719
11,0.997035,19584.3,1301752,0.997035
11,0.997789,19613.9,1304702,0.997786
11,0.997638,19608,1304112,0.997636
11.1,0.998141,19627.8,1306090,0.998142
11.1,0.997688,19610,1304316,0.99769
11.1,0.998191,19629.8,1306285,0.998191
11.1,0.997789,19614,1304707,0.997789
11.1,0.997789,19614,1304704,0.997787
11.1,0.997437,19600.2,1303330,0.997438
11.1,0.997136,19588.3,1302148,0.997137
11.1,0.99799,19621.9,1305495,0.99799
11.1,0.997739,19612,1304512,0.99774
11.1,0.99794,19619.9,1305296,0.997939
11.2,0.998141,19627.8,1306095,0.998145
11.2,0.997839,19615.9,1304902,0.997838
11.2,0.998241,19631.8,1306482,0.998241
11.2,0.998291,19633.7,1306678,0.998291
11.2,0.998392,19637.7,1307076,0.998393
11.2,0.998543,19643.6,1307660,0.99854
11.2,0.998392,19637.7,1307072,0.998391
11.2,0.998392,19637.7,1307072,0.998391
11.2,0.998141,19627.8,1306095,0.998145
11.2,0.99794,19619.9,1305299,0.99794
11.3,0.998794,19653.5,1308656,0.998795
11.3,0.998794,19653.5,1308654,0.998794
11.3,0.998241,19631.8,1306482,0.998241
11.3,0.998693,19649.5,1308257,0.998693
11.3,0.999045,19663.4,1309643,0.999046
11.3,0.998693,19649.5,1308256,0.998692
11.3,0.998693,19649.5,1308257,0.998693
11.3,0.998945,19659.4,1309244,0.998944
11.3,0.998693,19649.6,1308269,0.998699
11.3,0.998945,19659.4,1309245,0.998944
11.4,0.999045,19663.4,1309642,0.999046
11.4,0.998894,19657.5,1309049,0.998895
11.4,0.998995,19661.4,1309444,0.998995
11.4,0.999397,19677.2,1311024,0.999396
11.4,0.998492,19641.7,1307471,0.998494
11.4,0.998894,19657.5,1309049,0.998895
11.4,0.998945,19659.4,1309245,0.998944
11.4,0.999146,19667.3,1310034,0.999144
11.4,0.998744,19651.5,1308454,0.998743
11.4,0.999095,19665.4,1309839,0.999095
11.5,0.999296,19673.3,1310629,0.999296
11.5,0.999045,19663.4,1309641,0.999045
11.5,0.999146,19667.3,1310035,0.999145
11.5,0.999246,19671.3,1310432,0.999246
11.5,0.999146,19667.3,1310036,0.999145
11.5,0.999347,19675.3,1310827,0.999346
11.5,0.998744,19651.5,1308453,0.998742
11.5,0.999146,19667.4,1310037,0.999146
11.5,0.998894,19657.5,1309052,0.998896
11.5,0.998945,19659.4,1309245,0.998944
